property,group,Fe,Ni,Mn,Al,Cr,Cu,Co,Mo,Ti,Nb,Ta,W,V,Zr,Hf,reference_id,reference_citation
Structure,,BCC,FCC,αMn,FCC,BCC,FCC,HCP,BCC,HCP,BCC,BCC,BCC,BCC,HCP,HCP,,
Pauling Electronegativity [1],E1,1.83,1.91,1.55,1.61,1.66,1.9,1.88,2.16,1.54,1.6,1.5,2.36,1.63,1.33,1.3,[1],"Gray, T., Mann, N. & Whitby, M. Atomic Number. Periodic Table https://periodictable.com/Properties/A/AtomicNumber.html (accessed 19 July 2026)."
Allred Rochow electronegativity [2],E2,1.64,1.75,1.6,1.47,1.56,1.75,1.7,1.3,1.32,1.23,1.33,1.4,1.45,1.22,1.23,[2],"Little, E. J., Jr. & Jones, M. M. A complete table of electronegativities. Journal of Chemical Education 37, 231–233 (1960)."
Valence electron concentration [3],E3,8,10,7,3,6,11,9,6,4,5,5,6,5,4,4,[3],"Miracle, D. & Senkov, O. N. A critical review of high entropy alloys and related concepts. Acta Materialia 122, 448–511 (2017)"
Free electron concentration [4],E4,1.05,1.16,1.05,3.01,0.92,1,1.03,1.39,1.14,1.32,1.57,1.43,0.9,1.49,1.76,[4],"Mizutani, U. & Sato, H. The physics of the Hume-Rothery electron concentration rule. Crystals 7, 9 (2017)."
Electron work function/ev [5],E5,4.5,5.15,4.1,4.28,4.5,4.65,5,4.6,4.33,4.3,4.25,4.55,4.3,4.05,3.9,[5],"Wang, W. Y., Shang, S. L., Wang, Y. & et al. Atomic and electronic basis for the serrations of refractory high-entropy alloys. npj Computational Mathematics 3, (2017)."
First Ionization Energy/ev [6],E6,7.90278281598176,7.63952946053791,7.43431621495569,5.98538632948127,6.76685495154687,7.72658962533036,7.88101777478365,7.09229413898533,6.82800435300824,6.75856350728092,7.88723635798311,7.98051510597502,6.746126340882,6.6341918432917,6.82489506140851,[6],"Halpern, J. A6: Atomic Ionization Energies. LibreTexts Chemistry https://chem.libretexts.org/Ancillary_Materials/Reference/Reference_Tables/Atomic_and_Molecular_Properties/A6%3A_Atomic_Ionization_Energies (accessed 19 July 2026)."
Second Ionization Energy/ev [6],E7,16.1880084987304,18.1686272477587,15.6397367466446,18.8288334974348,16.4854640617713,20.2922734103747,17.080375187853,16.1683163185987,13.5751671244235,14.3027413587604,15.5464579986526,17.6193190651397,14.6551277400632,13.1626677721926,14.9245996787065,[7],"Zhang, R. F., Zhang, S. H., He, Z. J. & et al. Miedema Calculator: A thermodynamic platform for predicting formation enthalpies of alloys within framework of Miedema's Theory. Computer Physics Communications. 209, 58–69 (2016)."
Number of VECs filled valence orbitals [1],E8,8,10,7,3,6,11,9,6,4,5,19,20,5,4,18,[8],"Bozzolo, G., Noebe, R. D. & Mosca, H. O. Site preference of ternary alloying additions to NiTi: Fe, Pt, Pd, Au, Al, Cu, Zr and Hf. Journal of Alloys and Compounds. 389, 80–94 (2005)."
Number of VECs valence electrons unfilled valence orbitals [1],E9,4,2,5,5,6,1,3,6,8,7,7,6,7,8,8,[9],"Dou, B., Cui, J., Guo, R. & et al. Modulus-mismatch strategy optimized lightweight refractory high-entropy alloys for superior synergy of mechanical properties and thermostability. Materials Science and Engineering: A 908, 146767 (2024)."
Number of VECs filled s valence orbitals [1],E10,2,2,2,2,1,1,2,1,2,1,2,2,2,2,2,[10],"Xiao, N., Guan, X., Wang, D. & et al. Impact of W alloying on microstructure, mechanical property and corrosion resistance of face-centered cubic high entropy alloys: A review. International Journal of Minerals, Metallurgy and Materials 30, 1667–1679 (2023)."
Number of VECs valence electrons unfilled s valence orbitals [1],E11,0,0,0,0,1,1,0,1,0,1,0,0,0,0,0,[11],"Young, D. A. Phase Diagrams of the Elements (University of California Press, Berkeley, 1991)."
Number of VECs filled p valence orbitals [1],E12,0,0,0,1,0,0,0,0,0,0,0,0,0,0,0,[12],"Schwerdtfeger, P. & Nagle, J. K. 2018 Table of static dipole polarizabilities of the neutral elements in the periodic table. Molecular Physics 117, 1200–1225 (2019)."
Number of VECs valence electrons unfilled p valence orbitals [1],E13,0,0,0,5,0,0,0,0,0,0,0,0,0,0,0,[13],"Burakovsky, L., Greeff, C. W. & Preston, D. L. Analytic model of the shear modulus at all temperatures and densities. Physical Review B 67, 094107 (2003)."
Number of VECs filled d valence orbitals [1],E14,6,8,5,0,5,10,7,5,2,4,3,4,3,2,2,[14],"Adams, J. J., Agosta, D. S., Leisure, R. G. & et al. Elastic constants of monocrystal iron from 3 to 500 K. Journal of Applied Physics 100, 113530 (2006)."
Number of VECs valence electrons unfilled d valence orbitals [1],E15,4,2,5,0,5,0,3,5,8,6,7,6,7,8,8,[15],"Wang, Y., Wang, J. J., Zhang, H. & et al. A first-principles approach to finite temperature elastic constants. Journal of Physics: Condensed Matter 22, 225404 (2010)."
Electron density at surface of Wigner Sietz cell [7],E16,1.77,1.75,1.61,1.39,1.73,1.47,1.75,1.77,1.52,1.64,1.63,1.81,1.64,1.41,1.45,[16],"Tarumi, R., Kawasaki, Y., Tabe, Y. & et al. Magnetic phase transition and elastic properties of α-Mn at low temperature. Japanese Journal of Applied Physics 45, 4497 (2006)."
Atomic number [1],E17,26,28,25,13,24,29,27,42,22,41,73,74,23,40,72,[17],"Palmer, S. B. & Lee, E. W. The elastic constants of chromium. Philosophical Magazine 24, 311–318 (1971)."
Group [1],E18,8,10,7,13,6,11,9,6,4,5,5,6,5,4,4,[18],"Overton, W. C. & Gaffney, J. Temperature variation of the elastic constants of cubic elements. I. Copper. Physical Review 98, 969–977 (1955)."
Period [1],E19,4,4,4,3,4,4,4,5,4,5,6,6,4,5,6,[19],"de Jong, M., Winter, I., Chrzan, D. C. & et al. Ideal strength and ductility in metals from second- and third-order elastic constants. Physical Review B 96, 014105 (2017)."
Bulk modulus/Gpa [1] [8],P1,170,180,120,76,160,140,180,230,110,170,200,310,160,87.09,110,[20],"Fisher, E. S. & Renken, C. J. Single-crystal elastic moduli and the hcp → bcc transformation in Ti, Zr, and Hf. Physical Review 135, A482–A494 (1964)."
Shear modulus/Gpa [1] [9-10],P2,82,76,77,26,115,48,75,125.6,44,38,67,161,47,33,30,[21],"Olsson, P. A. T. First principles investigation of the finite temperature dependence of the elastic constants of zirconium, magnesium and gold. Computational Materials Science 99, 361–372 (2015)."
Young’s modulus/Gpa [3],P3,211,200,198,70,279,130,209,329,116,105,186,411,128,67,78,[22],"Zhang, C. B., Li, W. D.,& et al.. First-principles calculations of phase transition, elasticity, phonon spectra, and thermodynamic properties for hafnium. Computational Materials Science 157, 121–131 (2019)."
Relative Atomic Mass [1],P4,55.845,58.6934,54.938044,26.9815385,51.9961,63.546,58.933194,95.95,47.867,92.90637,180.94788,183.84,50.9415,91.224,178.49,[23],"Starodubtsev, Y. N. & Tsepelev, V. S. Analysis of surface tension and viscosity of liquid metals. Metallurgical and Materials Transactions B 52, 1886–1890 (2021)."
Molar volume/ cm3×10^-6 [11],P5,7.09,6.59,7.35,10,7.23,7.11,6.67,9.38,10.64,10.83,10.85,9.47,8.32,14.02,13.44,[24],"Battezzati, L. & Greer, A. L. The viscosity of liquid metals and alloys. Acta Metallurgica 37, 1791–1802 (1989)."
Density/ g×cm^-3 [1],P6,7.874,8.908,7.47,2.7,7.19,8.96,8.9,10.28,4.507,8.57,16.65,19.25,6.11,6.511,13.31,[25],"Wang, Y., Curtarolo, S., Jiang, C., Arroyave, R., Wang, T., Ceder, G., Chen, L. Q. & Liu, Z. K. Ab initio lattice stability in comparison with  CALPHAD lattice stability. CALPHAD 28, 79–90 (2004)."
Poisson ratio [1] [9],P7,0.29,0.31,0.269230769230769,0.35,0.21,0.34,0.31,0.31,0.32,0.4,0.34,0.28,0.37,0.34,0.37,[26],"Brewer, L. Cohesive energies of the elements (Lawrence Berkeley Laboratory, Berkeley, 1975)."
Static dipole polarizabilities [12],P8,8.4,9.4,6.8,6.8,11.6,6.15,7.5,12.8,14.6,15.7,13.1,11.1,12.4,17.9,16.2,[27],"Linstrom, P. J. & Mallard, W. G. (eds) NIST Chemistry WebBook, NIST Standard Reference Database Number 69 (National Institute of Standards and Technology, Gaithersburg, 2024); https://doi.org/10.18434/T4D303 (accessed 15 July 2026)."
Specific heat capacity/J/(kg·K) [1],P9,449,445,479,904,448,384.4,421,251,520,265,140,132,489,278,144,[28]," Wynblatt, P. Calculation of the vacancy migration energy in cubic crystals. Journal of Physics and Chemistry of Solids 29, 215–224 (1968)."
Brinell Hardness/Mpa [1],P10,490,700,196,245,1120,874,700,1500,715,736,800,2570,628,650,1700,[29],"Zhou, X., He, S. & Marian, J. Vacancy energetics and diffusivities in the equiatomic multielement Nb-Mo-Ta-W alloy. Materials 15, 5468 (2022)."
Thermal ConductivityW/(m·K) [1],P11,79,91,7.7,235,94,400,100,139,22,54,57,170,31,23,23,[30],"Angsten, T., Mayeshiba, T., Wu, H. & Morgan, D. Elemental vacancy diffusion database from high-throughput first-principles calculations for fcc and hcp structures. New Journal of Physics 16, 015018 (2014)."
Electrical Conductivity/10^6s/m [1],P12,10,14,0.62,38,7.9,59,17,20,2.5,6.7,7.7,20,5,2.4,3.3,[31]," Hu, W. Y., Qi, W. H. & Zhang, B. W. A semiempirical method to estimate vacancy formation energy of metals. Journal of Hunan University (Natural Sciences Edition) 26, 20–24 (1999)."
0 K Shear modulus/Gpa [13-22],P13,93.21,100.841526,85.01,29.448,123.3422,59.314,81.2,130.4,48.32,40.4,73.8,177.8,51.4,33.612338,59.12,[32],"Lipnitskii, A. G. & Saveliev, V. N. Development of n-body expansion interatomic potentials and its application for V. Computational Materials Science 121, 67–78 (2016)."
Viscosity of Liquid metals /mPa·s [23-24],P14,5.61,4.7,4.99,1.3,5.7,4.39,5.4,5.6,4.42,4.5,8.59,7,2.39,4.59,5.1,,
"Metallic radius/(Waber, Å ) [3]",S1,1.241,1.246,1.35,1.432,1.249,1.276,1.251,1.363,1.462,1.429,1.43,1.367,1.316,1.6025,1.5775,,
Covalent Radius/( Å ) [1],S2,1.32,1.24,1.39,1.21,1.39,1.32,1.26,1.54,1.6,1.64,1.7,1.62,1.53,1.75,1.75,,
Atomic Radius/( Å ) [1],S3,1.56,1.49,1.61,1.18,1.66,1.45,1.52,1.9,1.76,1.98,2,1.93,1.71,2.06,2.08,,
Atomic volume/ cm3×10-6 [1],S4,8.00578543679166,8.1029419734921,10.3059945243,12.3003552842352,8.16161147919088,8.70243173183005,8.20088139506846,10.6065994751807,13.0897309417942,12.2232104243142,12.2488894294243,10.7002554441555,9.54676582390284,17.644371040004,17.1572843861333,,
"Lattice constant (BCC, Å) [25]",S5,2.822,2.799,2.792,3.244,2.847,2.866,2.809,3.178,3.241,3.322,3.32,3.19,2.992,3.574,3.538,,
Melting temperature (K) [1],T1,1811,1728,1519,933.47,2180,1357.77,1768,2896,1941,2750,3290,3695,2183,2128,2506,,
Boiling Temperature (K) [1],T2,3134,3186,2334,2792,2944,2835,3200,4912,3560,5017,5731,5828,3680,4682,4876,,
Heat of Vaporization/ev[1],T3,3.59641395035498,3.91770741566046,2.28014717313572,3.03674146240348,3.5134995076955,3.10929159973053,3.59641395035498,6.21858319946106,4.40482976628491,7.15137067938021,7.62812872467223,8.29144426594807,4.6950303155931,6.01129709281235,6.52951235943411,,
Heat Fusion/ev[1],T4,0.143027413587604,0.178266051717884,0.136808830388143,0.110898067057055,0.212468259314919,0.1357723998549,0.167901746385448,0.373114991967663,0.193812509716536,0.277763382909261,0.373114991967663,0.362750686635228,0.23630616157952,0.217650411981137,0.264289785977095,,
Enthalpy of atomisation/kcal/mol [26],T5,4.306043,4.45788,2.935783,3.4171,4.11959,3.498977,4.422227,6.829846,4.908829,7.597424,8.104755,8.820304,5.34247,6.322515,6.409264,,
Cohesive energy /kcal.mol^-1 [27],T6,98.7,102.4,67.4,78.1,94.5,80.4,101.3,157.2,111.8,174.5,186.9,205.2,122.4,144.2,148.4,,
Vacancy migration energy/ ev [28-30],T7,0.88,1.21,0.43,0.65,0.68,0.9,1.02,1.31,0.49,0.99,1.32,2.07,0.49,0.57,0.89,,
Vacancy formation energy/ ev [31-32],T8,1.76,1.41,0.936000449280216,0.76,1.8,1.11,1.25,2.67,1.56,2.4,2.88,3.22,2.15,1.77,1.87,,
